"DESCRIPTION","DURATION IN MS","NAME","PARENT SUITE","START TIME","STATUS","STOP TIME","SUB SUITE","SUITE","TEST CLASS","TEST METHOD"
"","8636","TC-PIM-010: Add Employee with Login Details","chromium","2026-09-30","failed","2026-09-30","PIM - Add Employee Tests","pim-add-employee.spec.ts","",""
"","8535","TC-PIM-003: Search Employee by ID","chromium","2026-09-30","failed","2026-09-30","PIM - Employee Search & List Tests","pim-employee-search.spec.ts","",""
"","8640","Valid Login Test","chromium","2026-09-30","failed","2026-09-30","Login Tests","login.spec.ts","",""
"","8581","Search Employee Test","chromium","2026-09-30","failed","2026-09-30","Add Employee Tests","addemployee.spec.ts","",""
"","8615","TC-PIM-007: Include Filter Functionality","chromium","2026-09-30","failed","2026-09-30","PIM - Employee Search & List Tests","pim-employee-search.spec.ts","",""
"","8486","TC-PIM-013: Invalid Profile Picture Upload","chromium","2026-09-30","failed","2026-09-30","PIM - Add Employee Tests","pim-add-employee.spec.ts","",""
"","8617","TC-PIM-004: Search with No Results","chromium","2026-09-30","failed","2026-09-30","PIM - Employee Search & List Tests","pim-employee-search.spec.ts","",""
"","4435","Invalid Login Test","chromium","2026-09-30","passed","2026-09-30","Login Tests","login.spec.ts","",""
"","8585","TC-PIM-011: Add Employee - Profile Picture Upload","chromium","2026-09-30","failed","2026-09-30","PIM - Add Employee Tests","pim-add-employee.spec.ts","",""
"","8568","TC-PIM-009: Add Employee - All Personal Details","chromium","2026-09-30","failed","2026-09-30","PIM - Add Employee Tests","pim-add-employee.spec.ts","",""
"","1","TC-PIM-006: Employment Status Filter","chromium","2026-09-30","skipped","2026-09-30","PIM - Employee Search & List Tests","pim-employee-search.spec.ts","",""
"","8725","TC-PIM-008: Add Employee - Required Fields Only","chromium","2026-09-30","failed","2026-09-30","PIM - Add Employee Tests","pim-add-employee.spec.ts","",""
"","9755","TC-PIM-012: Required Field Validation","chromium","2026-09-30","failed","2026-09-30","PIM - Add Employee Tests","pim-add-employee.spec.ts","",""
"","8600","TC-PIM-005: Reset Search Filters","chromium","2026-09-30","failed","2026-09-30","PIM - Employee Search & List Tests","pim-employee-search.spec.ts","",""
"","8627","TC-PIM-014: Duplicate Employee ID Handling","chromium","2026-09-30","failed","2026-09-30","PIM - Add Employee Tests","pim-add-employee.spec.ts","",""
"","8623","TC-PIM-002: Search Employee by Name","chromium","2026-09-30","failed","2026-09-30","PIM - Employee Search & List Tests","pim-employee-search.spec.ts","",""
"","9564","TC-PIM-001: Display Employee List","chromium","2026-09-30","failed","2026-09-30","PIM - Employee Search & List Tests","pim-employee-search.spec.ts","",""
"","8698","Add Employee Tests","chromium","2026-09-30","failed","2026-09-30","Add Employee Tests","addemployee.spec.ts","",""
